ID,Name,PhotoUrl
361302926,Kirk Porter,https://randomuser.me/api/portraits/men/52.jpg
146666073,Elizabeth Austin,https://randomuser.me/api/portraits/women/10.jpg
935755851,Mike Knight,https://randomuser.me/api/portraits/men/47.jpg
230935112,Alfredo Watkins,https://randomuser.me/api/portraits/men/16.jpg
409937953,Ann Day,https://randomuser.me/api/portraits/women/67.jpg
948543493,Nora Duncan,https://randomuser.me/api/portraits/women/42.jpg
981963369,Don Reid,https://randomuser.me/api/portraits/men/74.jpg
568228793,Bertha Stevens,https://randomuser.me/api/portraits/women/72.jpg
622776440,Lillie Chavez,https://randomuser.me/api/portraits/women/24.jpg
143679744,Judith Hicks,https://randomuser.me/api/portraits/women/31.jpg
